{
  "Normal": {
    "Normal": 1,
    "Fighting": 1,
    "Flying": 1,
    "Poison": 1,
    "Ground": 1,
    "Rock": 0.5,
    "Bug": 1,
    "Ghost": 0,
    "Fire": 1,
    "Water": 1,
    "Grass": 1,
    "Electric": 1,
    "Psychic": 1,
    "Ice": 1,
    "Dragon": 1
  },
  "Fighting": {
    "Normal": 2,
    "Fighting": 1,
    "Flying": 0.5,
    "Poison": 0.5,
    "Ground": 1,
    "Rock": 2,
    "Bug": 0.5,
    "Ghost": 0,
    "Fire": 1,
    "Water": 1,
    "Grass": 1,
    "Electric": 1,
    "Psychic": 0.5,
    "Ice": 2,
    "Dragon": 1
  },
  "Flying": {
    "Normal": 1,
    "Fighting": 2,
    "Flying": 1,
    "Poison": 1,
    "Ground": 1,
    "Rock": 0.5,
    "Bug": 2,
    "Ghost": 1,
    "Fire": 1,
    "Water": 1,
    "Grass": 2,
    "Electric": 0.5,
    "Psychic": 1,
    "Ice": 1,
    "Dragon": 1
  },

  "Poison": {
    "Normal": 1,
    "Fighting": 1,
    "Flying": 1,
    "Poison": 0.5,
    "Ground": 0.5,
    "Rock": 0.5,
    "Bug": 2,
    "Ghost": 0.5,
    "Fire": 1,
    "Water": 1,
    "Grass": 2,
    "Electric": 1,
    "Psychic": 1,
    "Ice": 1,
    "Dragon": 1
  },
  "Ground": {
    "Normal": 1,
    "Fighting": 1,
    "Flying": 0,
    "Poison": 2,
    "Ground": 1,
    "Rock": 2,
    "Bug": 0.5,
    "Ghost": 1,
    "Fire": 2,
    "Water": 1,
    "Grass": 0.5,
    "Electric": 2,
    "Psychic": 1,
    "Ice": 1,
    "Dragon": 1
  },
  "Rock": {
    "Normal": 1,
    "Fighting": 0.5,
    "Flying": 2,
    "Poison": 1,
    "Ground": 0.5,
    "Rock": 1,
    "Bug": 2,
    "Ghost": 1,
    "Fire": 2,
    "Water": 1,
    "Grass": 1,
    "Electric": 1,
    "Psychic": 1,
    "Ice": 2,
    "Dragon": 1
  },
  
  "Bug": {
    "Normal": 1,
    "Fighting": 0.5,
    "Flying": 0.5,
    "Poison": 2,
    "Ground": 1,
    "Rock": 1,
    "Bug": 1,
    "Ghost": 1,
    "Fire": 0.5,
    "Water": 1,
    "Grass": 2,
    "Electric": 1,
    "Psychic": 2,
    "Ice": 1,
    "Dragon": 1
  },
  "Ghost": {
    "Normal": 0,
    "Fighting": 1,
    "Flying": 1,
    "Poison": 1,
    "Ground": 1,
    "Rock": 1,
    "Bug": 1,
    "Ghost": 2,
    "Fire": 1,
    "Water": 1,
    "Grass": 1,
    "Electric": 1,
    "Psychic": 2,
    "Ice": 1,
    "Dragon": 1
  },
  "Fire": {
    "Normal": 1,
    "Fighting": 1,
    "Flying": 1,
    "Poison": 1,
    "Ground": 1,
    "Rock": 0.5,
    "Bug": 2,
    "Ghost": 1,
    "Fire": 0.5,
    "Water": 0.5,
    "Grass": 2,
    "Electric": 1,
    "Psychic": 1,
    "Ice": 2,
    "Dragon": 0.5
  },
  "Water": {
    "Normal": 1,
    "Fighting": 1,
    "Flying": 1,
    "Poison": 1,
    "Ground": 2,
    "Rock": 2,
    "Bug": 1,
    "Ghost": 1,
    "Fire": 2,
    "Water": 0.5,
    "Grass": 0.5,
    "Electric": 1,
    "Psychic": 1,
    "Ice": 1,
    "Dragon": 0.5
  },
  "Grass": {
    "Normal": 1,
    "Fighting": 1,
    "Flying": 0.5,
    "Poison": 0.5,
    "Ground": 2,
    "Rock": 2,
    "Bug": 0.5,
    "Ghost": 1,
    "Fire": 0.5,
    "Water": 2,
    "Grass": 0.5,
    "Electric": 1,
    "Psychic": 1,
    "Ice": 1,
    "Dragon": 0.5
  },
  "Electric": {
    "Normal": 1,
    "Fighting": 1,
    "Flying": 2,
    "Poison": 1,
    "Ground": 0,
    "Rock": 1,
    "Bug": 1,
    "Ghost": 1,
    "Fire": 1,
    "Water": 2,
    "Grass": 0.5,
    "Electric": 0.5,
    "Psychic": 1,
    "Ice": 1,
    "Dragon": 0.5
  },
  "Psychic": {
    "Normal": 1,
    "Fighting": 2,
    "Flying": 1,
    "Poison": 2,
    "Ground": 1,
    "Rock": 1,
    "Bug": 1,
    "Ghost": 1,
    "Fire": 1,
    "Water": 1,
    "Grass": 1,
    "Electric": 1,
    "Psychic": 0.5,
    "Ice": 1,
    "Dragon": 1
  },
  "Ice": {
      "Normal": 1,
      "Fighting": 1,
      "Flying": 2,
      "Poison": 1,
      "Ground": 2,
      "Rock": 1,
      "Bug": 1,
      "Ghost": 1,
      "Fire": 1,
      "Water": 0.5,
      "Grass": 2,
      "Electric": 1,
      "Psychic": 1,
      "Ice": 0.5,
      "Dragon": 2
    },
    "Dragon": {
      "Normal": 1,
      "Fighting": 1,
      "Flying": 1,
      "Poison": 1,
      "Ground": 1,
      "Rock": 1,
      "Bug": 1,
      "Ghost": 1,
      "Fire": 1,
      "Water": 1,
      "Grass": 1,
      "Electric": 1,
      "Psychic": 1,
      "Ice": 1,
      "Dragon": 2
    },
    "none":{
      "Normal": 1,
      "Fighting": 1,
      "Flying": 1,
      "Poison": 1,
      "Ground": 1,
      "Rock": 1,
      "Bug": 1,
      "Ghost": 1,
      "Fire": 1,
      "Water": 1,
      "Grass": 1,
      "Electric": 1,
      "Psychic": 1,
      "Ice": 1,
      "Dragon": 1
    }
}

      